vehicle_id,travel_sequences,trip_repetitions,total_distance_km,terminal_time_s,stop_time_s,travel_time_s,idling_time_s,trip_id
1011F110_0,"[{'start_time': '00:00:00', 'end_time': '06:00:00', 'offset_from_start': 0, 'status': 'idling'}, {'start_time': '06:00:00', 'end_time': '07:01:47', 'offset_from_start': 0, 'status': 'operating'}, {'start_time': '07:01:47', 'end_time': '08:03:34', 'offset_from_start': 0, 'status': 'operating'}, {'start_time': '08:03:34', 'end_time': '09:00:00', 'offset_from_start': 0, 'status': 'operating'}, {'start_time': '00:00:00', 'end_time': '09:00:00', 'offset_from_start': 0, 'status': 'idling'}, {'start_time': '09:00:00', 'end_time': '10:01:47', 'offset_from_start': 0, 'status': 'operating'}, {'start_time': '10:01:47', 'end_time': '11:03:34', 'offset_from_start': 0, 'status': 'operating'}, {'start_time': '11:03:34', 'end_time': '12:05:21', 'offset_from_start': 0, 'status': 'operating'}, {'start_time': '12:05:21', 'end_time': '13:07:08', 'offset_from_start': 0, 'status': 'operating'}, {'start_time': '13:07:08', 'end_time': '14:08:55', 'offset_from_start': 0, 'status': 'operating'}, {'start_time': '14:08:55', 'end_time': '15:00:00', 'offset_from_start': 0, 'status': 'operating'}, {'start_time': '00:00:00', 'end_time': '15:00:00', 'offset_from_start': 0, 'status': 'idling'}, {'start_time': '15:00:00', 'end_time': '16:01:47', 'offset_from_start': 0, 'status': 'operating'}, {'start_time': '16:01:47', 'end_time': '17:03:34', 'offset_from_start': 0, 'status': 'operating'}, {'start_time': '17:03:34', 'end_time': '18:05:21', 'offset_from_start': 0, 'status': 'operating'}, {'start_time': '18:05:21', 'end_time': '19:07:08', 'offset_from_start': 0, 'status': 'operating'}, {'start_time': '19:07:08', 'end_time': '20:08:55', 'offset_from_start': 0, 'status': 'operating'}, {'start_time': '20:08:55', 'end_time': '21:00:00', 'offset_from_start': 0, 'status': 'operating'}]",14.567035338548692,190.6601117986769,26803.34502292959,6700.836255732409,20495.818721338015,108000.0,1011F110
1011F110_1,"[{'start_time': '00:00:00', 'end_time': '06:00:00', 'offset_from_start': 0, 'status': 'idling'}, {'start_time': '06:00:00', 'end_time': '06:56:47', 'offset_from_start': 300, 'status': 'operating'}, {'start_time': '06:56:47', 'end_time': '07:58:34', 'offset_from_start': 0, 'status': 'operating'}, {'start_time': '07:58:34', 'end_time': '09:00:00', 'offset_from_start': 0, 'status': 'operating'}, {'start_time': '00:00:00', 'end_time': '09:00:00', 'offset_from_start': 0, 'status': 'idling'}, {'start_time': '09:00:00', 'end_time': '09:46:47', 'offset_from_start': 900, 'status': 'operating'}, {'start_time': '09:46:47', 'end_time': '10:48:34', 'offset_from_start': 0, 'status': 'operating'}, {'start_time': '10:48:34', 'end_time': '11:50:21', 'offset_from_start': 0, 'status': 'operating'}, {'start_time': '11:50:21', 'end_time': '12:52:08', 'offset_from_start': 0, 'status': 'operating'}, {'start_time': '12:52:08', 'end_time': '13:53:55', 'offset_from_start': 0, 'status': 'operating'}, {'start_time': '13:53:55', 'end_time': '14:55:42', 'offset_from_start': 0, 'status': 'operating'}, {'start_time': '14:55:42', 'end_time': '15:00:00', 'offset_from_start': 0, 'status': 'operating'}, {'start_time': '00:00:00', 'end_time': '15:00:00', 'offset_from_start': 0, 'status': 'idling'}, {'start_time': '15:00:00', 'end_time': '15:56:47', 'offset_from_start': 300, 'status': 'operating'}, {'start_time': '15:56:47', 'end_time': '16:58:34', 'offset_from_start': 0, 'status': 'operating'}, {'start_time': '16:58:34', 'end_time': '18:00:21', 'offset_from_start': 0, 'status': 'operating'}, {'start_time': '18:00:21', 'end_time': '19:02:08', 'offset_from_start': 0, 'status': 'operating'}, {'start_time': '19:02:08', 'end_time': '20:03:55', 'offset_from_start': 0, 'status': 'operating'}, {'start_time': '20:03:55', 'end_time': '21:00:00', 'offset_from_start': 0, 'status': 'operating'}]",14.567035338548692,190.6601117986769,26803.345022929592,6700.83625573241,20495.81872133802,108000.0,1011F110
1011F110_2,"[{'start_time': '00:00:00', 'end_time': '06:00:00', 'offset_from_start': 0, 'status': 'idling'}, {'start_time': '06:00:00', 'end_time': '06:51:47', 'offset_from_start': 600, 'status': 'operating'}, {'start_time': '06:51:47', 'end_time': '07:53:34', 'offset_from_start': 0, 'status': 'operating'}, {'start_time': '07:53:34', 'end_time': '08:55:21', 'offset_from_start': 0, 'status': 'operating'}, {'start_time': '08:55:21', 'end_time': '09:00:00', 'offset_from_start': 0, 'status': 'operating'}, {'start_time': '00:00:00', 'end_time': '09:00:00', 'offset_from_start': 0, 'status': 'idling'}, {'start_time': '09:00:00', 'end_time': '09:31:47', 'offset_from_start': 1800, 'status': 'operating'}, {'start_time': '09:31:47', 'end_time': '10:33:34', 'offset_from_start': 0, 'status': 'operating'}, {'start_time': '10:33:34', 'end_time': '11:35:21', 'offset_from_start': 0, 'status': 'operating'}, {'start_time': '11:35:21', 'end_time': '12:37:08', 'offset_from_start': 0, 'status': 'operating'}, {'start_time': '12:37:08', 'end_time': '13:38:55', 'offset_from_start': 0, 'status': 'operating'}, {'start_time': '13:38:55', 'end_time': '14:40:42', 'offset_from_start': 0, 'status': 'operating'}, {'start_time': '14:40:42', 'end_time': '15:00:00', 'offset_from_start': 0, 'status': 'operating'}, {'start_time': '00:00:00', 'end_time': '15:00:00', 'offset_from_start': 0, 'status': 'idling'}, {'start_time': '15:00:00', 'end_time': '15:51:47', 'offset_from_start': 600, 'status': 'operating'}, {'start_time': '15:51:47', 'end_time': '16:53:34', 'offset_from_start': 0, 'status': 'operating'}, {'start_time': '16:53:34', 'end_time': '17:55:21', 'offset_from_start': 0, 'status': 'operating'}, {'start_time': '17:55:21', 'end_time': '18:57:08', 'offset_from_start': 0, 'status': 'operating'}, {'start_time': '18:57:08', 'end_time': '19:58:55', 'offset_from_start': 0, 'status': 'operating'}, {'start_time': '19:58:55', 'end_time': '21:00:00', 'offset_from_start': 0, 'status': 'operating'}]",14.567035338548692,190.6601117986769,26803.345022929592,6700.836255732412,20495.818721338008,108000.0,1011F110
1011F110_3,"[{'start_time': '00:00:00', 'end_time': '06:00:00', 'offset_from_start': 0, 'status': 'idling'}, {'start_time': '06:00:00', 'end_time': '06:46:47', 'offset_from_start': 900, 'status': 'operating'}, {'start_time': '06:46:47', 'end_time': '07:48:34', 'offset_from_start': 0, 'status': 'operating'}, {'start_time': '07:48:34', 'end_time': '08:50:21', 'offset_from_start': 0, 'status': 'operating'}, {'start_time': '08:50:21', 'end_time': '09:00:00', 'offset_from_start': 0, 'status': 'operating'}, {'start_time': '00:00:00', 'end_time': '09:00:00', 'offset_from_start': 0, 'status': 'idling'}, {'start_time': '09:00:00', 'end_time': '09:16:47', 'offset_from_start': 2700, 'status': 'operating'}, {'start_time': '09:16:47', 'end_time': '10:18:34', 'offset_from_start': 0, 'status': 'operating'}, {'start_time': '10:18:34', 'end_time': '11:20:21', 'offset_from_start': 0, 'status': 'operating'}, {'start_time': '11:20:21', 'end_time': '12:22:08', 'offset_from_start': 0, 'status': 'operating'}, {'start_time': '12:22:08', 'end_time': '13:23:55', 'offset_from_start': 0, 'status': 'operating'}, {'start_time': '13:23:55', 'end_time': '14:25:42', 'offset_from_start': 0, 'status': 'operating'}, {'start_time': '14:25:42', 'end_time': '15:00:00', 'offset_from_start': 0, 'status': 'operating'}, {'start_time': '00:00:00', 'end_time': '15:00:00', 'offset_from_start': 0, 'status': 'idling'}, {'start_time': '15:00:00', 'end_time': '15:46:47', 'offset_from_start': 900, 'status': 'operating'}, {'start_time': '15:46:47', 'end_time': '16:48:34', 'offset_from_start': 0, 'status': 'operating'}, {'start_time': '16:48:34', 'end_time': '17:50:21', 'offset_from_start': 0, 'status': 'operating'}, {'start_time': '17:50:21', 'end_time': '18:52:08', 'offset_from_start': 0, 'status': 'operating'}, {'start_time': '18:52:08', 'end_time': '19:53:55', 'offset_from_start': 0, 'status': 'operating'}, {'start_time': '19:53:55', 'end_time': '20:55:42', 'offset_from_start': 0, 'status': 'operating'}, {'start_time': '20:55:42', 'end_time': '21:00:00', 'offset_from_start': 0, 'status': 'operating'}]",14.56703533854869,190.6601117986769,26803.345022929592,6700.8362557324035,20495.818721338008,108000.0,1011F110
1011F110_4,"[{'start_time': '00:00:00', 'end_time': '06:00:00', 'offset_from_start': 0, 'status': 'idling'}, {'start_time': '06:00:00', 'end_time': '06:41:47', 'offset_from_start': 1200, 'status': 'operating'}, {'start_time': '06:41:47', 'end_time': '07:43:34', 'offset_from_start': 0, 'status': 'operating'}, {'start_time': '07:43:34', 'end_time': '08:45:21', 'offset_from_start': 0, 'status': 'operating'}, {'start_time': '08:45:21', 'end_time': '09:00:00', 'offset_from_start': 0, 'status': 'operating'}, {'start_time': '00:00:00', 'end_time': '15:00:00', 'offset_from_start': 0, 'status': 'idling'}, {'start_time': '15:00:00', 'end_time': '15:41:47', 'offset_from_start': 1200, 'status': 'operating'}, {'start_time': '15:41:47', 'end_time': '16:43:34', 'offset_from_start': 0, 'status': 'operating'}, {'start_time': '16:43:34', 'end_time': '17:45:21', 'offset_from_start': 0, 'status': 'operating'}, {'start_time': '17:45:21', 'end_time': '18:47:08', 'offset_from_start': 0, 'status': 'operating'}, {'start_time': '18:47:08', 'end_time': '19:48:55', 'offset_from_start': 0, 'status': 'operating'}, {'start_time': '19:48:55', 'end_time': '20:50:42', 'offset_from_start': 0, 'status': 'operating'}, {'start_time': '20:50:42', 'end_time': '21:00:00', 'offset_from_start': 0, 'status': 'operating'}]",8.740221203129215,114.39606707920616,16082.007013757759,4020.5017534394383,12297.491232802799,75600.0,1011F110
1011F110_5,"[{'start_time': '00:00:00', 'end_time': '06:00:00', 'offset_from_start': 0, 'status': 'idling'}, {'start_time': '06:00:00', 'end_time': '06:36:47', 'offset_from_start': 1500, 'status': 'operating'}, {'start_time': '06:36:47', 'end_time': '07:38:34', 'offset_from_start': 0, 'status': 'operating'}, {'start_time': '07:38:34', 'end_time': '08:40:21', 'offset_from_start': 0, 'status': 'operating'}, {'start_time': '08:40:21', 'end_time': '09:00:00', 'offset_from_start': 0, 'status': 'operating'}, {'start_time': '00:00:00', 'end_time': '15:00:00', 'offset_from_start': 0, 'status': 'idling'}, {'start_time': '15:00:00', 'end_time': '15:36:47', 'offset_from_start': 1500, 'status': 'operating'}, {'start_time': '15:36:47', 'end_time': '16:38:34', 'offset_from_start': 0, 'status': 'operating'}, {'start_time': '16:38:34', 'end_time': '17:40:21', 'offset_from_start': 0, 'status': 'operating'}, {'start_time': '17:40:21', 'end_time': '18:42:08', 'offset_from_start': 0, 'status': 'operating'}, {'start_time': '18:42:08', 'end_time': '19:43:55', 'offset_from_start': 0, 'status': 'operating'}, {'start_time': '19:43:55', 'end_time': '20:45:42', 'offset_from_start': 0, 'status': 'operating'}, {'start_time': '20:45:42', 'end_time': '21:00:00', 'offset_from_start': 0, 'status': 'operating'}]",8.740221203129217,114.39606707920616,16082.007013757757,4020.5017534394356,12297.491232802806,75600.0,1011F110
1011F110_6,"[{'start_time': '00:00:00', 'end_time': '06:00:00', 'offset_from_start': 0, 'status': 'idling'}, {'start_time': '06:00:00', 'end_time': '06:31:47', 'offset_from_start': 1800, 'status': 'operating'}, {'start_time': '06:31:47', 'end_time': '07:33:34', 'offset_from_start': 0, 'status': 'operating'}, {'start_time': '07:33:34', 'end_time': '08:35:21', 'offset_from_start': 0, 'status': 'operating'}, {'start_time': '08:35:21', 'end_time': '09:00:00', 'offset_from_start': 0, 'status': 'operating'}, {'start_time': '00:00:00', 'end_time': '15:00:00', 'offset_from_start': 0, 'status': 'idling'}, {'start_time': '15:00:00', 'end_time': '15:31:47', 'offset_from_start': 1800, 'status': 'operating'}, {'start_time': '15:31:47', 'end_time': '16:33:34', 'offset_from_start': 0, 'status': 'operating'}, {'start_time': '16:33:34', 'end_time': '17:35:21', 'offset_from_start': 0, 'status': 'operating'}, {'start_time': '17:35:21', 'end_time': '18:37:08', 'offset_from_start': 0, 'status': 'operating'}, {'start_time': '18:37:08', 'end_time': '19:38:55', 'offset_from_start': 0, 'status': 'operating'}, {'start_time': '19:38:55', 'end_time': '20:40:42', 'offset_from_start': 0, 'status': 'operating'}, {'start_time': '20:40:42', 'end_time': '21:00:00', 'offset_from_start': 0, 'status': 'operating'}]",8.740221203129217,114.39606707920616,16082.007013757757,4020.5017534394433,12297.491232802806,75600.0,1011F110
1011F110_7,"[{'start_time': '00:00:00', 'end_time': '06:00:00', 'offset_from_start': 0, 'status': 'idling'}, {'start_time': '06:00:00', 'end_time': '06:26:47', 'offset_from_start': 2100, 'status': 'operating'}, {'start_time': '06:26:47', 'end_time': '07:28:34', 'offset_from_start': 0, 'status': 'operating'}, {'start_time': '07:28:34', 'end_time': '08:30:21', 'offset_from_start': 0, 'status': 'operating'}, {'start_time': '08:30:21', 'end_time': '09:00:00', 'offset_from_start': 0, 'status': 'operating'}, {'start_time': '00:00:00', 'end_time': '15:00:00', 'offset_from_start': 0, 'status': 'idling'}, {'start_time': '15:00:00', 'end_time': '15:26:47', 'offset_from_start': 2100, 'status': 'operating'}, {'start_time': '15:26:47', 'end_time': '16:28:34', 'offset_from_start': 0, 'status': 'operating'}, {'start_time': '16:28:34', 'end_time': '17:30:21', 'offset_from_start': 0, 'status': 'operating'}, {'start_time': '17:30:21', 'end_time': '18:32:08', 'offset_from_start': 0, 'status': 'operating'}, {'start_time': '18:32:08', 'end_time': '19:33:55', 'offset_from_start': 0, 'status': 'operating'}, {'start_time': '19:33:55', 'end_time': '20:35:42', 'offset_from_start': 0, 'status': 'operating'}, {'start_time': '20:35:42', 'end_time': '21:00:00', 'offset_from_start': 0, 'status': 'operating'}]",8.740221203129215,114.39606707920616,16082.007013757757,4020.5017534394406,12297.491232802808,75600.0,1011F110
1011F110_8,"[{'start_time': '00:00:00', 'end_time': '06:00:00', 'offset_from_start': 0, 'status': 'idling'}, {'start_time': '06:00:00', 'end_time': '06:21:47', 'offset_from_start': 2400, 'status': 'operating'}, {'start_time': '06:21:47', 'end_time': '07:23:34', 'offset_from_start': 0, 'status': 'operating'}, {'start_time': '07:23:34', 'end_time': '08:25:21', 'offset_from_start': 0, 'status': 'operating'}, {'start_time': '08:25:21', 'end_time': '09:00:00', 'offset_from_start': 0, 'status': 'operating'}, {'start_time': '00:00:00', 'end_time': '15:00:00', 'offset_from_start': 0, 'status': 'idling'}, {'start_time': '15:00:00', 'end_time': '15:21:47', 'offset_from_start': 2400, 'status': 'operating'}, {'start_time': '15:21:47', 'end_time': '16:23:34', 'offset_from_start': 0, 'status': 'operating'}, {'start_time': '16:23:34', 'end_time': '17:25:21', 'offset_from_start': 0, 'status': 'operating'}, {'start_time': '17:25:21', 'end_time': '18:27:08', 'offset_from_start': 0, 'status': 'operating'}, {'start_time': '18:27:08', 'end_time': '19:28:55', 'offset_from_start': 0, 'status': 'operating'}, {'start_time': '19:28:55', 'end_time': '20:30:42', 'offset_from_start': 0, 'status': 'operating'}, {'start_time': '20:30:42', 'end_time': '21:00:00', 'offset_from_start': 0, 'status': 'operating'}]",8.740221203129215,114.39606707920616,16082.007013757757,4020.501753439438,12297.491232802802,75600.0,1011F110
1011F110_9,"[{'start_time': '00:00:00', 'end_time': '06:00:00', 'offset_from_start': 0, 'status': 'idling'}, {'start_time': '06:00:00', 'end_time': '06:16:47', 'offset_from_start': 2700, 'status': 'operating'}, {'start_time': '06:16:47', 'end_time': '07:18:34', 'offset_from_start': 0, 'status': 'operating'}, {'start_time': '07:18:34', 'end_time': '08:20:21', 'offset_from_start': 0, 'status': 'operating'}, {'start_time': '08:20:21', 'end_time': '09:00:00', 'offset_from_start': 0, 'status': 'operating'}, {'start_time': '00:00:00', 'end_time': '15:00:00', 'offset_from_start': 0, 'status': 'idling'}, {'start_time': '15:00:00', 'end_time': '15:16:47', 'offset_from_start': 2700, 'status': 'operating'}, {'start_time': '15:16:47', 'end_time': '16:18:34', 'offset_from_start': 0, 'status': 'operating'}, {'start_time': '16:18:34', 'end_time': '17:20:21', 'offset_from_start': 0, 'status': 'operating'}, {'start_time': '17:20:21', 'end_time': '18:22:08', 'offset_from_start': 0, 'status': 'operating'}, {'start_time': '18:22:08', 'end_time': '19:23:55', 'offset_from_start': 0, 'status': 'operating'}, {'start_time': '19:23:55', 'end_time': '20:25:42', 'offset_from_start': 0, 'status': 'operating'}, {'start_time': '20:25:42', 'end_time': '21:00:00', 'offset_from_start': 0, 'status': 'operating'}]",8.740221203129215,114.39606707920616,16082.007013757757,4020.501753439435,12297.491232802802,75600.0,1011F110
1011F110_10,"[{'start_time': '00:00:00', 'end_time': '06:00:00', 'offset_from_start': 0, 'status': 'idling'}, {'start_time': '06:00:00', 'end_time': '06:11:47', 'offset_from_start': 3000, 'status': 'operating'}, {'start_time': '06:11:47', 'end_time': '07:13:34', 'offset_from_start': 0, 'status': 'operating'}, {'start_time': '07:13:34', 'end_time': '08:15:21', 'offset_from_start': 0, 'status': 'operating'}, {'start_time': '08:15:21', 'end_time': '09:00:00', 'offset_from_start': 0, 'status': 'operating'}, {'start_time': '00:00:00', 'end_time': '15:00:00', 'offset_from_start': 0, 'status': 'idling'}, {'start_time': '15:00:00', 'end_time': '15:11:47', 'offset_from_start': 3000, 'status': 'operating'}, {'start_time': '15:11:47', 'end_time': '16:13:34', 'offset_from_start': 0, 'status': 'operating'}, {'start_time': '16:13:34', 'end_time': '17:15:21', 'offset_from_start': 0, 'status': 'operating'}, {'start_time': '17:15:21', 'end_time': '18:17:08', 'offset_from_start': 0, 'status': 'operating'}, {'start_time': '18:17:08', 'end_time': '19:18:55', 'offset_from_start': 0, 'status': 'operating'}, {'start_time': '19:18:55', 'end_time': '20:20:42', 'offset_from_start': 0, 'status': 'operating'}, {'start_time': '20:20:42', 'end_time': '21:00:00', 'offset_from_start': 0, 'status': 'operating'}]",8.740221203129217,114.39606707920616,16082.007013757757,4020.501753439443,12297.491232802808,75600.0,1011F110
1011F110_11,"[{'start_time': '00:00:00', 'end_time': '06:00:00', 'offset_from_start': 0, 'status': 'idling'}, {'start_time': '06:00:00', 'end_time': '06:06:47', 'offset_from_start': 3300, 'status': 'operating'}, {'start_time': '06:06:47', 'end_time': '07:08:34', 'offset_from_start': 0, 'status': 'operating'}, {'start_time': '07:08:34', 'end_time': '08:10:21', 'offset_from_start': 0, 'status': 'operating'}, {'start_time': '08:10:21', 'end_time': '09:00:00', 'offset_from_start': 0, 'status': 'operating'}, {'start_time': '00:00:00', 'end_time': '15:00:00', 'offset_from_start': 0, 'status': 'idling'}, {'start_time': '15:00:00', 'end_time': '15:06:47', 'offset_from_start': 3300, 'status': 'operating'}, {'start_time': '15:06:47', 'end_time': '16:08:34', 'offset_from_start': 0, 'status': 'operating'}, {'start_time': '16:08:34', 'end_time': '17:10:21', 'offset_from_start': 0, 'status': 'operating'}, {'start_time': '17:10:21', 'end_time': '18:12:08', 'offset_from_start': 0, 'status': 'operating'}, {'start_time': '18:12:08', 'end_time': '19:13:55', 'offset_from_start': 0, 'status': 'operating'}, {'start_time': '19:13:55', 'end_time': '20:15:42', 'offset_from_start': 0, 'status': 'operating'}, {'start_time': '20:15:42', 'end_time': '21:00:00', 'offset_from_start': 0, 'status': 'operating'}]",8.740221203129215,114.39606707920616,16082.007013757757,4020.50175343944,12297.491232802806,75600.0,1011F110
1107D110_0,"[{'start_time': '00:00:00', 'end_time': '06:00:00', 'offset_from_start': 0, 'status': 'idling'}, {'start_time': '06:00:00', 'end_time': '07:34:25', 'offset_from_start': 0, 'status': 'operating'}, {'start_time': '07:34:25', 'end_time': '09:00:00', 'offset_from_start': 0, 'status': 'operating'}, {'start_time': '00:00:00', 'end_time': '09:00:00', 'offset_from_start': 0, 'status': 'idling'}, {'start_time': '09:00:00', 'end_time': '10:34:25', 'offset_from_start': 0, 'status': 'operating'}, {'start_time': '10:34:25', 'end_time': '12:08:50', 'offset_from_start': 0, 'status': 'operating'}, {'start_time': '12:08:50', 'end_time': '13:43:15', 'offset_from_start': 0, 'status': 'operating'}, {'start_time': '13:43:15', 'end_time': '15:00:00', 'offset_from_start': 0, 'status': 'operating'}, {'start_time': '00:00:00', 'end_time': '15:00:00', 'offset_from_start': 0, 'status': 'idling'}, {'start_time': '15:00:00', 'end_time': '16:34:25', 'offset_from_start': 0, 'status': 'operating'}, {'start_time': '16:34:25', 'end_time': '18:08:50', 'offset_from_start': 0, 'status': 'operating'}, {'start_time': '18:08:50', 'end_time': '19:43:15', 'offset_from_start': 0, 'status': 'operating'}, {'start_time': '19:43:15', 'end_time': '21:00:00', 'offset_from_start': 0, 'status': 'operating'}]",9.532215357458078,251.4641182194162,17539.27625772286,6863.195057369821,29597.52868490733,108000.0,1107D110
1107D110_1,"[{'start_time': '00:00:00', 'end_time': '06:00:00', 'offset_from_start': 0, 'status': 'idling'}, {'start_time': '06:00:00', 'end_time': '07:29:25', 'offset_from_start': 300, 'status': 'operating'}, {'start_time': '07:29:25', 'end_time': '09:00:00', 'offset_from_start': 0, 'status': 'operating'}, {'start_time': '00:00:00', 'end_time': '09:00:00', 'offset_from_start': 0, 'status': 'idling'}, {'start_time': '09:00:00', 'end_time': '10:19:25', 'offset_from_start': 900, 'status': 'operating'}, {'start_time': '10:19:25', 'end_time': '11:53:50', 'offset_from_start': 0, 'status': 'operating'}, {'start_time': '11:53:50', 'end_time': '13:28:15', 'offset_from_start': 0, 'status': 'operating'}, {'start_time': '13:28:15', 'end_time': '15:00:00', 'offset_from_start': 0, 'status': 'operating'}, {'start_time': '00:00:00', 'end_time': '15:00:00', 'offset_from_start': 0, 'status': 'idling'}, {'start_time': '15:00:00', 'end_time': '16:29:25', 'offset_from_start': 300, 'status': 'operating'}, {'start_time': '16:29:25', 'end_time': '18:03:50', 'offset_from_start': 0, 'status': 'operating'}, {'start_time': '18:03:50', 'end_time': '19:38:15', 'offset_from_start': 0, 'status': 'operating'}, {'start_time': '19:38:15', 'end_time': '21:00:00', 'offset_from_start': 0, 'status': 'operating'}]",9.532215357458078,251.46411821941612,17539.27625772286,6863.195057369828,29597.528684907338,108000.0,1107D110
1107D110_2,"[{'start_time': '00:00:00', 'end_time': '06:00:00', 'offset_from_start': 0, 'status': 'idling'}, {'start_time': '06:00:00', 'end_time': '07:24:25', 'offset_from_start': 600, 'status': 'operating'}, {'start_time': '07:24:25', 'end_time': '08:58:50', 'offset_from_start': 0, 'status': 'operating'}, {'start_time': '08:58:50', 'end_time': '09:00:00', 'offset_from_start': 0, 'status': 'operating'}, {'start_time': '00:00:00', 'end_time': '09:00:00', 'offset_from_start': 0, 'status': 'idling'}, {'start_time': '09:00:00', 'end_time': '10:04:25', 'offset_from_start': 1800, 'status': 'operating'}, {'start_time': '10:04:25', 'end_time': '11:38:50', 'offset_from_start': 0, 'status': 'operating'}, {'start_time': '11:38:50', 'end_time': '13:13:15', 'offset_from_start': 0, 'status': 'operating'}, {'start_time': '13:13:15', 'end_time': '14:47:40', 'offset_from_start': 0, 'status': 'operating'}, {'start_time': '14:47:40', 'end_time': '15:00:00', 'offset_from_start': 0, 'status': 'operating'}, {'start_time': '00:00:00', 'end_time': '15:00:00', 'offset_from_start': 0, 'status': 'idling'}, {'start_time': '15:00:00', 'end_time': '16:24:25', 'offset_from_start': 600, 'status': 'operating'}, {'start_time': '16:24:25', 'end_time': '17:58:50', 'offset_from_start': 0, 'status': 'operating'}, {'start_time': '17:58:50', 'end_time': '19:33:15', 'offset_from_start': 0, 'status': 'operating'}, {'start_time': '19:33:15', 'end_time': '21:00:00', 'offset_from_start': 0, 'status': 'operating'}]",9.532215357458076,251.46411821941615,17539.27625772286,6863.195057369811,29597.52868490731,108000.0,1107D110
1107D110_3,"[{'start_time': '00:00:00', 'end_time': '06:00:00', 'offset_from_start': 0, 'status': 'idling'}, {'start_time': '06:00:00', 'end_time': '07:19:25', 'offset_from_start': 900, 'status': 'operating'}, {'start_time': '07:19:25', 'end_time': '08:53:50', 'offset_from_start': 0, 'status': 'operating'}, {'start_time': '08:53:50', 'end_time': '09:00:00', 'offset_from_start': 0, 'status': 'operating'}, {'start_time': '00:00:00', 'end_time': '09:00:00', 'offset_from_start': 0, 'status': 'idling'}, {'start_time': '09:00:00', 'end_time': '09:49:25', 'offset_from_start': 2700, 'status': 'operating'}, {'start_time': '09:49:25', 'end_time': '11:23:50', 'offset_from_start': 0, 'status': 'operating'}, {'start_time': '11:23:50', 'end_time': '12:58:15', 'offset_from_start': 0, 'status': 'operating'}, {'start_time': '12:58:15', 'end_time': '14:32:40', 'offset_from_start': 0, 'status': 'operating'}, {'start_time': '14:32:40', 'end_time': '15:00:00', 'offset_from_start': 0, 'status': 'operating'}, {'start_time': '00:00:00', 'end_time': '15:00:00', 'offset_from_start': 0, 'status': 'idling'}, {'start_time': '15:00:00', 'end_time': '16:19:25', 'offset_from_start': 900, 'status': 'operating'}, {'start_time': '16:19:25', 'end_time': '17:53:50', 'offset_from_start': 0, 'status': 'operating'}, {'start_time': '17:53:50', 'end_time': '19:28:15', 'offset_from_start': 0, 'status': 'operating'}, {'start_time': '19:28:15', 'end_time': '21:00:00', 'offset_from_start': 0, 'status': 'operating'}]",9.532215357458076,251.46411821941612,17539.276257722857,6863.195057369818,29597.528684907338,108000.0,1107D110
1107D110_4,"[{'start_time': '00:00:00', 'end_time': '06:00:00', 'offset_from_start': 0, 'status': 'idling'}, {'start_time': '06:00:00', 'end_time': '07:14:25', 'offset_from_start': 1200, 'status': 'operating'}, {'start_time': '07:14:25', 'end_time': '08:48:50', 'offset_from_start': 0, 'status': 'operating'}, {'start_time': '08:48:50', 'end_time': '09:00:00', 'offset_from_start': 0, 'status': 'operating'}, {'start_time': '00:00:00', 'end_time': '09:00:00', 'offset_from_start': 0, 'status': 'idling'}, {'start_time': '09:00:00', 'end_time': '09:34:25', 'offset_from_start': 3600, 'status': 'operating'}, {'start_time': '09:34:25', 'end_time': '11:08:50', 'offset_from_start': 0, 'status': 'operating'}, {'start_time': '11:08:50', 'end_time': '12:43:15', 'offset_from_start': 0, 'status': 'operating'}, {'start_time': '12:43:15', 'end_time': '14:17:40', 'offset_from_start': 0, 'status': 'operating'}, {'start_time': '14:17:40', 'end_time': '15:00:00', 'offset_from_start': 0, 'status': 'operating'}, {'start_time': '00:00:00', 'end_time': '15:00:00', 'offset_from_start': 0, 'status': 'idling'}, {'start_time': '15:00:00', 'end_time': '16:14:25', 'offset_from_start': 1200, 'status': 'operating'}, {'start_time': '16:14:25', 'end_time': '17:48:50', 'offset_from_start': 0, 'status': 'operating'}, {'start_time': '17:48:50', 'end_time': '19:23:15', 'offset_from_start': 0, 'status': 'operating'}, {'start_time': '19:23:15', 'end_time': '20:57:40', 'offset_from_start': 0, 'status': 'operating'}, {'start_time': '20:57:40', 'end_time': '21:00:00', 'offset_from_start': 0, 'status': 'operating'}]",9.532215357458075,251.46411821941612,17539.27625772286,6863.195057369818,29597.52868490732,108000.0,1107D110
1107D110_5,"[{'start_time': '00:00:00', 'end_time': '06:00:00', 'offset_from_start': 0, 'status': 'idling'}, {'start_time': '06:00:00', 'end_time': '07:09:25', 'offset_from_start': 1500, 'status': 'operating'}, {'start_time': '07:09:25', 'end_time': '08:43:50', 'offset_from_start': 0, 'status': 'operating'}, {'start_time': '08:43:50', 'end_time': '09:00:00', 'offset_from_start': 0, 'status': 'operating'}, {'start_time': '00:00:00', 'end_time': '09:00:00', 'offset_from_start': 0, 'status': 'idling'}, {'start_time': '09:00:00', 'end_time': '09:19:25', 'offset_from_start': 4500, 'status': 'operating'}, {'start_time': '09:19:25', 'end_time': '10:53:50', 'offset_from_start': 0, 'status': 'operating'}, {'start_time': '10:53:50', 'end_time': '12:28:15', 'offset_from_start': 0, 'status': 'operating'}, {'start_time': '12:28:15', 'end_time': '14:02:40', 'offset_from_start': 0, 'status': 'operating'}, {'start_time': '14:02:40', 'end_time': '15:00:00', 'offset_from_start': 0, 'status': 'operating'}, {'start_time': '00:00:00', 'end_time': '15:00:00', 'offset_from_start': 0, 'status': 'idling'}, {'start_time': '15:00:00', 'end_time': '16:09:25', 'offset_from_start': 1500, 'status': 'operating'}, {'start_time': '16:09:25', 'end_time': '17:43:50', 'offset_from_start': 0, 'status': 'operating'}, {'start_time': '17:43:50', 'end_time': '19:18:15', 'offset_from_start': 0, 'status': 'operating'}, {'start_time': '19:18:15', 'end_time': '20:52:40', 'offset_from_start': 0, 'status': 'operating'}, {'start_time': '20:52:40', 'end_time': '21:00:00', 'offset_from_start': 0, 'status': 'operating'}]",9.532215357458075,251.46411821941615,17539.27625772286,6863.195057369828,29597.528684907327,108000.0,1107D110
1107D110_6,"[{'start_time': '00:00:00', 'end_time': '06:00:00', 'offset_from_start': 0, 'status': 'idling'}, {'start_time': '06:00:00', 'end_time': '07:04:25', 'offset_from_start': 1800, 'status': 'operating'}, {'start_time': '07:04:25', 'end_time': '08:38:50', 'offset_from_start': 0, 'status': 'operating'}, {'start_time': '08:38:50', 'end_time': '09:00:00', 'offset_from_start': 0, 'status': 'operating'}, {'start_time': '00:00:00', 'end_time': '15:00:00', 'offset_from_start': 0, 'status': 'idling'}, {'start_time': '15:00:00', 'end_time': '16:04:25', 'offset_from_start': 1800, 'status': 'operating'}, {'start_time': '16:04:25', 'end_time': '17:38:50', 'offset_from_start': 0, 'status': 'operating'}, {'start_time': '17:38:50', 'end_time': '19:13:15', 'offset_from_start': 0, 'status': 'operating'}, {'start_time': '19:13:15', 'end_time': '20:47:40', 'offset_from_start': 0, 'status': 'operating'}, {'start_time': '20:47:40', 'end_time': '21:00:00', 'offset_from_start': 0, 'status': 'operating'}]",5.719329214474845,150.87847093164967,10523.565754633717,4117.917034421888,17758.517210944403,75600.0,1107D110
1107D110_7,"[{'start_time': '00:00:00', 'end_time': '06:00:00', 'offset_from_start': 0, 'status': 'idling'}, {'start_time': '06:00:00', 'end_time': '06:59:25', 'offset_from_start': 2100, 'status': 'operating'}, {'start_time': '06:59:25', 'end_time': '08:33:50', 'offset_from_start': 0, 'status': 'operating'}, {'start_time': '08:33:50', 'end_time': '09:00:00', 'offset_from_start': 0, 'status': 'operating'}, {'start_time': '00:00:00', 'end_time': '15:00:00', 'offset_from_start': 0, 'status': 'idling'}, {'start_time': '15:00:00', 'end_time': '15:59:25', 'offset_from_start': 2100, 'status': 'operating'}, {'start_time': '15:59:25', 'end_time': '17:33:50', 'offset_from_start': 0, 'status': 'operating'}, {'start_time': '17:33:50', 'end_time': '19:08:15', 'offset_from_start': 0, 'status': 'operating'}, {'start_time': '19:08:15', 'end_time': '20:42:40', 'offset_from_start': 0, 'status': 'operating'}, {'start_time': '20:42:40', 'end_time': '21:00:00', 'offset_from_start': 0, 'status': 'operating'}]",5.719329214474845,150.87847093164964,10523.565754633717,4117.9170344218865,17758.517210944392,75600.0,1107D110
1107D110_8,"[{'start_time': '00:00:00', 'end_time': '06:00:00', 'offset_from_start': 0, 'status': 'idling'}, {'start_time': '06:00:00', 'end_time': '06:54:25', 'offset_from_start': 2400, 'status': 'operating'}, {'start_time': '06:54:25', 'end_time': '08:28:50', 'offset_from_start': 0, 'status': 'operating'}, {'start_time': '08:28:50', 'end_time': '09:00:00', 'offset_from_start': 0, 'status': 'operating'}, {'start_time': '00:00:00', 'end_time': '15:00:00', 'offset_from_start': 0, 'status': 'idling'}, {'start_time': '15:00:00', 'end_time': '15:54:25', 'offset_from_start': 2400, 'status': 'operating'}, {'start_time': '15:54:25', 'end_time': '17:28:50', 'offset_from_start': 0, 'status': 'operating'}, {'start_time': '17:28:50', 'end_time': '19:03:15', 'offset_from_start': 0, 'status': 'operating'}, {'start_time': '19:03:15', 'end_time': '20:37:40', 'offset_from_start': 0, 'status': 'operating'}, {'start_time': '20:37:40', 'end_time': '21:00:00', 'offset_from_start': 0, 'status': 'operating'}]",5.719329214474846,150.8784709316497,10523.565754633715,4117.917034421882,17758.5172109444,75600.0,1107D110
1107D110_9,"[{'start_time': '00:00:00', 'end_time': '06:00:00', 'offset_from_start': 0, 'status': 'idling'}, {'start_time': '06:00:00', 'end_time': '06:49:25', 'offset_from_start': 2700, 'status': 'operating'}, {'start_time': '06:49:25', 'end_time': '08:23:50', 'offset_from_start': 0, 'status': 'operating'}, {'start_time': '08:23:50', 'end_time': '09:00:00', 'offset_from_start': 0, 'status': 'operating'}, {'start_time': '00:00:00', 'end_time': '15:00:00', 'offset_from_start': 0, 'status': 'idling'}, {'start_time': '15:00:00', 'end_time': '15:49:25', 'offset_from_start': 2700, 'status': 'operating'}, {'start_time': '15:49:25', 'end_time': '17:23:50', 'offset_from_start': 0, 'status': 'operating'}, {'start_time': '17:23:50', 'end_time': '18:58:15', 'offset_from_start': 0, 'status': 'operating'}, {'start_time': '18:58:15', 'end_time': '20:32:40', 'offset_from_start': 0, 'status': 'operating'}, {'start_time': '20:32:40', 'end_time': '21:00:00', 'offset_from_start': 0, 'status': 'operating'}]",5.719329214474846,150.87847093164967,10523.565754633717,4117.917034421889,17758.517210944403,75600.0,1107D110
1107D110_10,"[{'start_time': '00:00:00', 'end_time': '06:00:00', 'offset_from_start': 0, 'status': 'idling'}, {'start_time': '06:00:00', 'end_time': '06:44:25', 'offset_from_start': 3000, 'status': 'operating'}, {'start_time': '06:44:25', 'end_time': '08:18:50', 'offset_from_start': 0, 'status': 'operating'}, {'start_time': '08:18:50', 'end_time': '09:00:00', 'offset_from_start': 0, 'status': 'operating'}, {'start_time': '00:00:00', 'end_time': '15:00:00', 'offset_from_start': 0, 'status': 'idling'}, {'start_time': '15:00:00', 'end_time': '15:44:25', 'offset_from_start': 3000, 'status': 'operating'}, {'start_time': '15:44:25', 'end_time': '17:18:50', 'offset_from_start': 0, 'status': 'operating'}, {'start_time': '17:18:50', 'end_time': '18:53:15', 'offset_from_start': 0, 'status': 'operating'}, {'start_time': '18:53:15', 'end_time': '20:27:40', 'offset_from_start': 0, 'status': 'operating'}, {'start_time': '20:27:40', 'end_time': '21:00:00', 'offset_from_start': 0, 'status': 'operating'}]",5.719329214474846,150.87847093164967,10523.565754633715,4117.917034421889,17758.5172109444,75600.0,1107D110
1107D110_11,"[{'start_time': '00:00:00', 'end_time': '06:00:00', 'offset_from_start': 0, 'status': 'idling'}, {'start_time': '06:00:00', 'end_time': '06:39:25', 'offset_from_start': 3300, 'status': 'operating'}, {'start_time': '06:39:25', 'end_time': '08:13:50', 'offset_from_start': 0, 'status': 'operating'}, {'start_time': '08:13:50', 'end_time': '09:00:00', 'offset_from_start': 0, 'status': 'operating'}, {'start_time': '00:00:00', 'end_time': '15:00:00', 'offset_from_start': 0, 'status': 'idling'}, {'start_time': '15:00:00', 'end_time': '15:39:25', 'offset_from_start': 3300, 'status': 'operating'}, {'start_time': '15:39:25', 'end_time': '17:13:50', 'offset_from_start': 0, 'status': 'operating'}, {'start_time': '17:13:50', 'end_time': '18:48:15', 'offset_from_start': 0, 'status': 'operating'}, {'start_time': '18:48:15', 'end_time': '20:22:40', 'offset_from_start': 0, 'status': 'operating'}, {'start_time': '20:22:40', 'end_time': '21:00:00', 'offset_from_start': 0, 'status': 'operating'}]",5.719329214474845,150.87847093164967,10523.565754633717,4117.917034421892,17758.517210944374,75600.0,1107D110
1107D110_12,"[{'start_time': '00:00:00', 'end_time': '06:00:00', 'offset_from_start': 0, 'status': 'idling'}, {'start_time': '06:00:00', 'end_time': '06:34:25', 'offset_from_start': 3600, 'status': 'operating'}, {'start_time': '06:34:25', 'end_time': '08:08:50', 'offset_from_start': 0, 'status': 'operating'}, {'start_time': '08:08:50', 'end_time': '09:00:00', 'offset_from_start': 0, 'status': 'operating'}, {'start_time': '00:00:00', 'end_time': '15:00:00', 'offset_from_start': 0, 'status': 'idling'}, {'start_time': '15:00:00', 'end_time': '15:34:25', 'offset_from_start': 3600, 'status': 'operating'}, {'start_time': '15:34:25', 'end_time': '17:08:50', 'offset_from_start': 0, 'status': 'operating'}, {'start_time': '17:08:50', 'end_time': '18:43:15', 'offset_from_start': 0, 'status': 'operating'}, {'start_time': '18:43:15', 'end_time': '20:17:40', 'offset_from_start': 0, 'status': 'operating'}, {'start_time': '20:17:40', 'end_time': '21:00:00', 'offset_from_start': 0, 'status': 'operating'}]",5.719329214474845,150.87847093164967,10523.565754633713,4117.917034421892,17758.51721094439,75600.0,1107D110
1107D110_13,"[{'start_time': '00:00:00', 'end_time': '06:00:00', 'offset_from_start': 0, 'status': 'idling'}, {'start_time': '06:00:00', 'end_time': '06:29:25', 'offset_from_start': 3900, 'status': 'operating'}, {'start_time': '06:29:25', 'end_time': '08:03:50', 'offset_from_start': 0, 'status': 'operating'}, {'start_time': '08:03:50', 'end_time': '09:00:00', 'offset_from_start': 0, 'status': 'operating'}, {'start_time': '00:00:00', 'end_time': '15:00:00', 'offset_from_start': 0, 'status': 'idling'}, {'start_time': '15:00:00', 'end_time': '15:29:25', 'offset_from_start': 3900, 'status': 'operating'}, {'start_time': '15:29:25', 'end_time': '17:03:50', 'offset_from_start': 0, 'status': 'operating'}, {'start_time': '17:03:50', 'end_time': '18:38:15', 'offset_from_start': 0, 'status': 'operating'}, {'start_time': '18:38:15', 'end_time': '20:12:40', 'offset_from_start': 0, 'status': 'operating'}, {'start_time': '20:12:40', 'end_time': '21:00:00', 'offset_from_start': 0, 'status': 'operating'}]",5.719329214474846,150.8784709316497,10523.565754633717,4117.917034421894,17758.517210944407,75600.0,1107D110
1107D110_14,"[{'start_time': '00:00:00', 'end_time': '06:00:00', 'offset_from_start': 0, 'status': 'idling'}, {'start_time': '06:00:00', 'end_time': '06:24:25', 'offset_from_start': 4200, 'status': 'operating'}, {'start_time': '06:24:25', 'end_time': '07:58:50', 'offset_from_start': 0, 'status': 'operating'}, {'start_time': '07:58:50', 'end_time': '09:00:00', 'offset_from_start': 0, 'status': 'operating'}, {'start_time': '00:00:00', 'end_time': '15:00:00', 'offset_from_start': 0, 'status': 'idling'}, {'start_time': '15:00:00', 'end_time': '15:24:25', 'offset_from_start': 4200, 'status': 'operating'}, {'start_time': '15:24:25', 'end_time': '16:58:50', 'offset_from_start': 0, 'status': 'operating'}, {'start_time': '16:58:50', 'end_time': '18:33:15', 'offset_from_start': 0, 'status': 'operating'}, {'start_time': '18:33:15', 'end_time': '20:07:40', 'offset_from_start': 0, 'status': 'operating'}, {'start_time': '20:07:40', 'end_time': '21:00:00', 'offset_from_start': 0, 'status': 'operating'}]",5.719329214474845,150.87847093164967,10523.565754633713,4117.917034421888,17758.51721094439,75600.0,1107D110
1107D110_15,"[{'start_time': '00:00:00', 'end_time': '06:00:00', 'offset_from_start': 0, 'status': 'idling'}, {'start_time': '06:00:00', 'end_time': '06:19:25', 'offset_from_start': 4500, 'status': 'operating'}, {'start_time': '06:19:25', 'end_time': '07:53:50', 'offset_from_start': 0, 'status': 'operating'}, {'start_time': '07:53:50', 'end_time': '09:00:00', 'offset_from_start': 0, 'status': 'operating'}, {'start_time': '00:00:00', 'end_time': '15:00:00', 'offset_from_start': 0, 'status': 'idling'}, {'start_time': '15:00:00', 'end_time': '15:19:25', 'offset_from_start': 4500, 'status': 'operating'}, {'start_time': '15:19:25', 'end_time': '16:53:50', 'offset_from_start': 0, 'status': 'operating'}, {'start_time': '16:53:50', 'end_time': '18:28:15', 'offset_from_start': 0, 'status': 'operating'}, {'start_time': '18:28:15', 'end_time': '20:02:40', 'offset_from_start': 0, 'status': 'operating'}, {'start_time': '20:02:40', 'end_time': '21:00:00', 'offset_from_start': 0, 'status': 'operating'}]",5.719329214474845,150.87847093164967,10523.565754633717,4117.917034421898,17758.517210944403,75600.0,1107D110
1107D110_16,"[{'start_time': '00:00:00', 'end_time': '06:00:00', 'offset_from_start': 0, 'status': 'idling'}, {'start_time': '06:00:00', 'end_time': '06:14:25', 'offset_from_start': 4800, 'status': 'operating'}, {'start_time': '06:14:25', 'end_time': '07:48:50', 'offset_from_start': 0, 'status': 'operating'}, {'start_time': '07:48:50', 'end_time': '09:00:00', 'offset_from_start': 0, 'status': 'operating'}, {'start_time': '00:00:00', 'end_time': '15:00:00', 'offset_from_start': 0, 'status': 'idling'}, {'start_time': '15:00:00', 'end_time': '15:14:25', 'offset_from_start': 4800, 'status': 'operating'}, {'start_time': '15:14:25', 'end_time': '16:48:50', 'offset_from_start': 0, 'status': 'operating'}, {'start_time': '16:48:50', 'end_time': '18:23:15', 'offset_from_start': 0, 'status': 'operating'}, {'start_time': '18:23:15', 'end_time': '19:57:40', 'offset_from_start': 0, 'status': 'operating'}, {'start_time': '19:57:40', 'end_time': '21:00:00', 'offset_from_start': 0, 'status': 'operating'}]",5.719329214474845,150.87847093164967,10523.565754633713,4117.917034421883,17758.517210944403,75600.0,1107D110
1107D110_17,"[{'start_time': '00:00:00', 'end_time': '06:00:00', 'offset_from_start': 0, 'status': 'idling'}, {'start_time': '06:00:00', 'end_time': '06:09:25', 'offset_from_start': 5100, 'status': 'operating'}, {'start_time': '06:09:25', 'end_time': '07:43:50', 'offset_from_start': 0, 'status': 'operating'}, {'start_time': '07:43:50', 'end_time': '09:00:00', 'offset_from_start': 0, 'status': 'operating'}, {'start_time': '00:00:00', 'end_time': '15:00:00', 'offset_from_start': 0, 'status': 'idling'}, {'start_time': '15:00:00', 'end_time': '15:09:25', 'offset_from_start': 5100, 'status': 'operating'}, {'start_time': '15:09:25', 'end_time': '16:43:50', 'offset_from_start': 0, 'status': 'operating'}, {'start_time': '16:43:50', 'end_time': '18:18:15', 'offset_from_start': 0, 'status': 'operating'}, {'start_time': '18:18:15', 'end_time': '19:52:40', 'offset_from_start': 0, 'status': 'operating'}, {'start_time': '19:52:40', 'end_time': '21:00:00', 'offset_from_start': 0, 'status': 'operating'}]",5.719329214474845,150.87847093164967,10523.565754633717,4117.917034421885,17758.51721094438,75600.0,1107D110
1107D110_18,"[{'start_time': '00:00:00', 'end_time': '06:00:00', 'offset_from_start': 0, 'status': 'idling'}, {'start_time': '06:00:00', 'end_time': '06:04:25', 'offset_from_start': 5400, 'status': 'operating'}, {'start_time': '06:04:25', 'end_time': '07:38:50', 'offset_from_start': 0, 'status': 'operating'}, {'start_time': '07:38:50', 'end_time': '09:00:00', 'offset_from_start': 0, 'status': 'operating'}, {'start_time': '00:00:00', 'end_time': '15:00:00', 'offset_from_start': 0, 'status': 'idling'}, {'start_time': '15:00:00', 'end_time': '15:04:25', 'offset_from_start': 5400, 'status': 'operating'}, {'start_time': '15:04:25', 'end_time': '16:38:50', 'offset_from_start': 0, 'status': 'operating'}, {'start_time': '16:38:50', 'end_time': '18:13:15', 'offset_from_start': 0, 'status': 'operating'}, {'start_time': '18:13:15', 'end_time': '19:47:40', 'offset_from_start': 0, 'status': 'operating'}, {'start_time': '19:47:40', 'end_time': '21:00:00', 'offset_from_start': 0, 'status': 'operating'}]",5.719329214474846,150.8784709316497,10523.565754633713,4117.917034421886,17758.517210944392,75600.0,1107D110
70002110_0,"[{'start_time': '00:00:00', 'end_time': '06:00:00', 'offset_from_start': 0, 'status': 'idling'}, {'start_time': '06:00:00', 'end_time': '07:22:20', 'offset_from_start': 0, 'status': 'operating'}, {'start_time': '07:22:20', 'end_time': '08:44:40', 'offset_from_start': 0, 'status': 'operating'}, {'start_time': '08:44:40', 'end_time': '09:00:00', 'offset_from_start': 0, 'status': 'operating'}, {'start_time': '00:00:00', 'end_time': '09:00:00', 'offset_from_start': 0, 'status': 'idling'}, {'start_time': '09:00:00', 'end_time': '10:22:20', 'offset_from_start': 0, 'status': 'operating'}, {'start_time': '10:22:20', 'end_time': '11:44:40', 'offset_from_start': 0, 'status': 'operating'}, {'start_time': '11:44:40', 'end_time': '13:07:00', 'offset_from_start': 0, 'status': 'operating'}, {'start_time': '13:07:00', 'end_time': '14:29:20', 'offset_from_start': 0, 'status': 'operating'}, {'start_time': '14:29:20', 'end_time': '15:00:00', 'offset_from_start': 0, 'status': 'operating'}, {'start_time': '00:00:00', 'end_time': '15:00:00', 'offset_from_start': 0, 'status': 'idling'}, {'start_time': '15:00:00', 'end_time': '16:22:20', 'offset_from_start': 0, 'status': 'operating'}, {'start_time': '16:22:20', 'end_time': '17:44:40', 'offset_from_start': 0, 'status': 'operating'}, {'start_time': '17:44:40', 'end_time': '19:07:00', 'offset_from_start': 0, 'status': 'operating'}, {'start_time': '19:07:00', 'end_time': '20:29:20', 'offset_from_start': 0, 'status': 'operating'}, {'start_time': '20:29:20', 'end_time': '21:00:00', 'offset_from_start': 0, 'status': 'operating'}]",10.931174089068827,194.593997929628,20113.36032388664,9182.186234817833,24704.45344129553,108000.0,70002110
70002110_1,"[{'start_time': '00:00:00', 'end_time': '06:00:00', 'offset_from_start': 0, 'status': 'idling'}, {'start_time': '06:00:00', 'end_time': '07:17:20', 'offset_from_start': 300, 'status': 'operating'}, {'start_time': '07:17:20', 'end_time': '08:39:40', 'offset_from_start': 0, 'status': 'operating'}, {'start_time': '08:39:40', 'end_time': '09:00:00', 'offset_from_start': 0, 'status': 'operating'}, {'start_time': '00:00:00', 'end_time': '09:00:00', 'offset_from_start': 0, 'status': 'idling'}, {'start_time': '09:00:00', 'end_time': '10:07:20', 'offset_from_start': 900, 'status': 'operating'}, {'start_time': '10:07:20', 'end_time': '11:29:40', 'offset_from_start': 0, 'status': 'operating'}, {'start_time': '11:29:40', 'end_time': '12:52:00', 'offset_from_start': 0, 'status': 'operating'}, {'start_time': '12:52:00', 'end_time': '14:14:20', 'offset_from_start': 0, 'status': 'operating'}, {'start_time': '14:14:20', 'end_time': '15:00:00', 'offset_from_start': 0, 'status': 'operating'}, {'start_time': '00:00:00', 'end_time': '15:00:00', 'offset_from_start': 0, 'status': 'idling'}, {'start_time': '15:00:00', 'end_time': '16:17:20', 'offset_from_start': 300, 'status': 'operating'}, {'start_time': '16:17:20', 'end_time': '17:39:40', 'offset_from_start': 0, 'status': 'operating'}, {'start_time': '17:39:40', 'end_time': '19:02:00', 'offset_from_start': 0, 'status': 'operating'}, {'start_time': '19:02:00', 'end_time': '20:24:20', 'offset_from_start': 0, 'status': 'operating'}, {'start_time': '20:24:20', 'end_time': '21:00:00', 'offset_from_start': 0, 'status': 'operating'}]",10.931174089068827,194.593997929628,20113.360323886638,9182.186234817782,24704.453441295555,108000.0,70002110
70002110_2,"[{'start_time': '00:00:00', 'end_time': '06:00:00', 'offset_from_start': 0, 'status': 'idling'}, {'start_time': '06:00:00', 'end_time': '07:12:20', 'offset_from_start': 600, 'status': 'operating'}, {'start_time': '07:12:20', 'end_time': '08:34:40', 'offset_from_start': 0, 'status': 'operating'}, {'start_time': '08:34:40', 'end_time': '09:00:00', 'offset_from_start': 0, 'status': 'operating'}, {'start_time': '00:00:00', 'end_time': '09:00:00', 'offset_from_start': 0, 'status': 'idling'}, {'start_time': '09:00:00', 'end_time': '09:52:20', 'offset_from_start': 1800, 'status': 'operating'}, {'start_time': '09:52:20', 'end_time': '11:14:40', 'offset_from_start': 0, 'status': 'operating'}, {'start_time': '11:14:40', 'end_time': '12:37:00', 'offset_from_start': 0, 'status': 'operating'}, {'start_time': '12:37:00', 'end_time': '13:59:20', 'offset_from_start': 0, 'status': 'operating'}, {'start_time': '13:59:20', 'end_time': '15:00:00', 'offset_from_start': 0, 'status': 'operating'}, {'start_time': '00:00:00', 'end_time': '15:00:00', 'offset_from_start': 0, 'status': 'idling'}, {'start_time': '15:00:00', 'end_time': '16:12:20', 'offset_from_start': 600, 'status': 'operating'}, {'start_time': '16:12:20', 'end_time': '17:34:40', 'offset_from_start': 0, 'status': 'operating'}, {'start_time': '17:34:40', 'end_time': '18:57:00', 'offset_from_start': 0, 'status': 'operating'}, {'start_time': '18:57:00', 'end_time': '20:19:20', 'offset_from_start': 0, 'status': 'operating'}, {'start_time': '20:19:20', 'end_time': '21:00:00', 'offset_from_start': 0, 'status': 'operating'}]",10.931174089068826,194.593997929628,20113.36032388664,9182.18623481782,24704.45344129554,108000.0,70002110
70002110_3,"[{'start_time': '00:00:00', 'end_time': '06:00:00', 'offset_from_start': 0, 'status': 'idling'}, {'start_time': '06:00:00', 'end_time': '07:07:20', 'offset_from_start': 900, 'status': 'operating'}, {'start_time': '07:07:20', 'end_time': '08:29:40', 'offset_from_start': 0, 'status': 'operating'}, {'start_time': '08:29:40', 'end_time': '09:00:00', 'offset_from_start': 0, 'status': 'operating'}, {'start_time': '00:00:00', 'end_time': '09:00:00', 'offset_from_start': 0, 'status': 'idling'}, {'start_time': '09:00:00', 'end_time': '09:37:20', 'offset_from_start': 2700, 'status': 'operating'}, {'start_time': '09:37:20', 'end_time': '10:59:40', 'offset_from_start': 0, 'status': 'operating'}, {'start_time': '10:59:40', 'end_time': '12:22:00', 'offset_from_start': 0, 'status': 'operating'}, {'start_time': '12:22:00', 'end_time': '13:44:20', 'offset_from_start': 0, 'status': 'operating'}, {'start_time': '13:44:20', 'end_time': '15:00:00', 'offset_from_start': 0, 'status': 'operating'}, {'start_time': '00:00:00', 'end_time': '15:00:00', 'offset_from_start': 0, 'status': 'idling'}, {'start_time': '15:00:00', 'end_time': '16:07:20', 'offset_from_start': 900, 'status': 'operating'}, {'start_time': '16:07:20', 'end_time': '17:29:40', 'offset_from_start': 0, 'status': 'operating'}, {'start_time': '17:29:40', 'end_time': '18:52:00', 'offset_from_start': 0, 'status': 'operating'}, {'start_time': '18:52:00', 'end_time': '20:14:20', 'offset_from_start': 0, 'status': 'operating'}, {'start_time': '20:14:20', 'end_time': '21:00:00', 'offset_from_start': 0, 'status': 'operating'}]",10.931174089068826,194.593997929628,20113.360323886638,9182.186234817842,24704.453441295547,108000.0,70002110
70002110_4,"[{'start_time': '00:00:00', 'end_time': '06:00:00', 'offset_from_start': 0, 'status': 'idling'}, {'start_time': '06:00:00', 'end_time': '07:02:20', 'offset_from_start': 1200, 'status': 'operating'}, {'start_time': '07:02:20', 'end_time': '08:24:40', 'offset_from_start': 0, 'status': 'operating'}, {'start_time': '08:24:40', 'end_time': '09:00:00', 'offset_from_start': 0, 'status': 'operating'}, {'start_time': '00:00:00', 'end_time': '09:00:00', 'offset_from_start': 0, 'status': 'idling'}, {'start_time': '09:00:00', 'end_time': '09:22:20', 'offset_from_start': 3600, 'status': 'operating'}, {'start_time': '09:22:20', 'end_time': '10:44:40', 'offset_from_start': 0, 'status': 'operating'}, {'start_time': '10:44:40', 'end_time': '12:07:00', 'offset_from_start': 0, 'status': 'operating'}, {'start_time': '12:07:00', 'end_time': '13:29:20', 'offset_from_start': 0, 'status': 'operating'}, {'start_time': '13:29:20', 'end_time': '14:51:40', 'offset_from_start': 0, 'status': 'operating'}, {'start_time': '14:51:40', 'end_time': '15:00:00', 'offset_from_start': 0, 'status': 'operating'}, {'start_time': '00:00:00', 'end_time': '15:00:00', 'offset_from_start': 0, 'status': 'idling'}, {'start_time': '15:00:00', 'end_time': '16:02:20', 'offset_from_start': 1200, 'status': 'operating'}, {'start_time': '16:02:20', 'end_time': '17:24:40', 'offset_from_start': 0, 'status': 'operating'}, {'start_time': '17:24:40', 'end_time': '18:47:00', 'offset_from_start': 0, 'status': 'operating'}, {'start_time': '18:47:00', 'end_time': '20:09:20', 'offset_from_start': 0, 'status': 'operating'}, {'start_time': '20:09:20', 'end_time': '21:00:00', 'offset_from_start': 0, 'status': 'operating'}]",10.931174089068824,194.59399792962802,20113.36032388664,9182.18623481775,24704.453441295544,108000.0,70002110
70002110_5,"[{'start_time': '00:00:00', 'end_time': '06:00:00', 'offset_from_start': 0, 'status': 'idling'}, {'start_time': '06:00:00', 'end_time': '06:57:20', 'offset_from_start': 1500, 'status': 'operating'}, {'start_time': '06:57:20', 'end_time': '08:19:40', 'offset_from_start': 0, 'status': 'operating'}, {'start_time': '08:19:40', 'end_time': '09:00:00', 'offset_from_start': 0, 'status': 'operating'}, {'start_time': '00:00:00', 'end_time': '15:00:00', 'offset_from_start': 0, 'status': 'idling'}, {'start_time': '15:00:00', 'end_time': '15:57:20', 'offset_from_start': 1500, 'status': 'operating'}, {'start_time': '15:57:20', 'end_time': '17:19:40', 'offset_from_start': 0, 'status': 'operating'}, {'start_time': '17:19:40', 'end_time': '18:42:00', 'offset_from_start': 0, 'status': 'operating'}, {'start_time': '18:42:00', 'end_time': '20:04:20', 'offset_from_start': 0, 'status': 'operating'}, {'start_time': '20:04:20', 'end_time': '21:00:00', 'offset_from_start': 0, 'status': 'operating'}]",6.558704453441296,116.7563987577768,12068.016194331984,5509.311740890676,14822.672064777335,75600.0,70002110
70002110_6,"[{'start_time': '00:00:00', 'end_time': '06:00:00', 'offset_from_start': 0, 'status': 'idling'}, {'start_time': '06:00:00', 'end_time': '06:52:20', 'offset_from_start': 1800, 'status': 'operating'}, {'start_time': '06:52:20', 'end_time': '08:14:40', 'offset_from_start': 0, 'status': 'operating'}, {'start_time': '08:14:40', 'end_time': '09:00:00', 'offset_from_start': 0, 'status': 'operating'}, {'start_time': '00:00:00', 'end_time': '15:00:00', 'offset_from_start': 0, 'status': 'idling'}, {'start_time': '15:00:00', 'end_time': '15:52:20', 'offset_from_start': 1800, 'status': 'operating'}, {'start_time': '15:52:20', 'end_time': '17:14:40', 'offset_from_start': 0, 'status': 'operating'}, {'start_time': '17:14:40', 'end_time': '18:37:00', 'offset_from_start': 0, 'status': 'operating'}, {'start_time': '18:37:00', 'end_time': '19:59:20', 'offset_from_start': 0, 'status': 'operating'}, {'start_time': '19:59:20', 'end_time': '21:00:00', 'offset_from_start': 0, 'status': 'operating'}]",6.558704453441295,116.7563987577768,12068.016194331984,5509.311740890702,14822.672064777329,75600.0,70002110
70002110_7,"[{'start_time': '00:00:00', 'end_time': '06:00:00', 'offset_from_start': 0, 'status': 'idling'}, {'start_time': '06:00:00', 'end_time': '06:47:20', 'offset_from_start': 2100, 'status': 'operating'}, {'start_time': '06:47:20', 'end_time': '08:09:40', 'offset_from_start': 0, 'status': 'operating'}, {'start_time': '08:09:40', 'end_time': '09:00:00', 'offset_from_start': 0, 'status': 'operating'}, {'start_time': '00:00:00', 'end_time': '15:00:00', 'offset_from_start': 0, 'status': 'idling'}, {'start_time': '15:00:00', 'end_time': '15:47:20', 'offset_from_start': 2100, 'status': 'operating'}, {'start_time': '15:47:20', 'end_time': '17:09:40', 'offset_from_start': 0, 'status': 'operating'}, {'start_time': '17:09:40', 'end_time': '18:32:00', 'offset_from_start': 0, 'status': 'operating'}, {'start_time': '18:32:00', 'end_time': '19:54:20', 'offset_from_start': 0, 'status': 'operating'}, {'start_time': '19:54:20', 'end_time': '21:00:00', 'offset_from_start': 0, 'status': 'operating'}]",6.558704453441295,116.75639875777681,12068.016194331984,5509.3117408906855,14822.67206477733,75600.0,70002110
70002110_8,"[{'start_time': '00:00:00', 'end_time': '06:00:00', 'offset_from_start': 0, 'status': 'idling'}, {'start_time': '06:00:00', 'end_time': '06:42:20', 'offset_from_start': 2400, 'status': 'operating'}, {'start_time': '06:42:20', 'end_time': '08:04:40', 'offset_from_start': 0, 'status': 'operating'}, {'start_time': '08:04:40', 'end_time': '09:00:00', 'offset_from_start': 0, 'status': 'operating'}, {'start_time': '00:00:00', 'end_time': '15:00:00', 'offset_from_start': 0, 'status': 'idling'}, {'start_time': '15:00:00', 'end_time': '15:42:20', 'offset_from_start': 2400, 'status': 'operating'}, {'start_time': '15:42:20', 'end_time': '17:04:40', 'offset_from_start': 0, 'status': 'operating'}, {'start_time': '17:04:40', 'end_time': '18:27:00', 'offset_from_start': 0, 'status': 'operating'}, {'start_time': '18:27:00', 'end_time': '19:49:20', 'offset_from_start': 0, 'status': 'operating'}, {'start_time': '19:49:20', 'end_time': '21:00:00', 'offset_from_start': 0, 'status': 'operating'}]",6.558704453441295,116.75639875777681,12068.016194331984,5509.311740890698,14822.672064777327,75600.0,70002110
70002110_9,"[{'start_time': '00:00:00', 'end_time': '06:00:00', 'offset_from_start': 0, 'status': 'idling'}, {'start_time': '06:00:00', 'end_time': '06:37:20', 'offset_from_start': 2700, 'status': 'operating'}, {'start_time': '06:37:20', 'end_time': '07:59:40', 'offset_from_start': 0, 'status': 'operating'}, {'start_time': '07:59:40', 'end_time': '09:00:00', 'offset_from_start': 0, 'status': 'operating'}, {'start_time': '00:00:00', 'end_time': '15:00:00', 'offset_from_start': 0, 'status': 'idling'}, {'start_time': '15:00:00', 'end_time': '15:37:20', 'offset_from_start': 2700, 'status': 'operating'}, {'start_time': '15:37:20', 'end_time': '16:59:40', 'offset_from_start': 0, 'status': 'operating'}, {'start_time': '16:59:40', 'end_time': '18:22:00', 'offset_from_start': 0, 'status': 'operating'}, {'start_time': '18:22:00', 'end_time': '19:44:20', 'offset_from_start': 0, 'status': 'operating'}, {'start_time': '19:44:20', 'end_time': '21:00:00', 'offset_from_start': 0, 'status': 'operating'}]",6.558704453441295,116.75639875777681,12068.016194331984,5509.311740890682,14822.672064777325,75600.0,70002110
70002110_10,"[{'start_time': '00:00:00', 'end_time': '06:00:00', 'offset_from_start': 0, 'status': 'idling'}, {'start_time': '06:00:00', 'end_time': '06:32:20', 'offset_from_start': 3000, 'status': 'operating'}, {'start_time': '06:32:20', 'end_time': '07:54:40', 'offset_from_start': 0, 'status': 'operating'}, {'start_time': '07:54:40', 'end_time': '09:00:00', 'offset_from_start': 0, 'status': 'operating'}, {'start_time': '00:00:00', 'end_time': '15:00:00', 'offset_from_start': 0, 'status': 'idling'}, {'start_time': '15:00:00', 'end_time': '15:32:20', 'offset_from_start': 3000, 'status': 'operating'}, {'start_time': '15:32:20', 'end_time': '16:54:40', 'offset_from_start': 0, 'status': 'operating'}, {'start_time': '16:54:40', 'end_time': '18:17:00', 'offset_from_start': 0, 'status': 'operating'}, {'start_time': '18:17:00', 'end_time': '19:39:20', 'offset_from_start': 0, 'status': 'operating'}, {'start_time': '19:39:20', 'end_time': '21:00:00', 'offset_from_start': 0, 'status': 'operating'}]",6.558704453441296,116.75639875777681,12068.016194331984,5509.311740890709,14822.672064777327,75600.0,70002110
70002110_11,"[{'start_time': '00:00:00', 'end_time': '06:00:00', 'offset_from_start': 0, 'status': 'idling'}, {'start_time': '06:00:00', 'end_time': '06:27:20', 'offset_from_start': 3300, 'status': 'operating'}, {'start_time': '06:27:20', 'end_time': '07:49:40', 'offset_from_start': 0, 'status': 'operating'}, {'start_time': '07:49:40', 'end_time': '09:00:00', 'offset_from_start': 0, 'status': 'operating'}, {'start_time': '00:00:00', 'end_time': '15:00:00', 'offset_from_start': 0, 'status': 'idling'}, {'start_time': '15:00:00', 'end_time': '15:27:20', 'offset_from_start': 3300, 'status': 'operating'}, {'start_time': '15:27:20', 'end_time': '16:49:40', 'offset_from_start': 0, 'status': 'operating'}, {'start_time': '16:49:40', 'end_time': '18:12:00', 'offset_from_start': 0, 'status': 'operating'}, {'start_time': '18:12:00', 'end_time': '19:34:20', 'offset_from_start': 0, 'status': 'operating'}, {'start_time': '19:34:20', 'end_time': '20:56:40', 'offset_from_start': 0, 'status': 'operating'}, {'start_time': '20:56:40', 'end_time': '21:00:00', 'offset_from_start': 0, 'status': 'operating'}]",6.558704453441295,116.7563987577768,12068.016194331984,5509.311740890684,14822.672064777324,75600.0,70002110
70002110_12,"[{'start_time': '00:00:00', 'end_time': '06:00:00', 'offset_from_start': 0, 'status': 'idling'}, {'start_time': '06:00:00', 'end_time': '06:22:20', 'offset_from_start': 3600, 'status': 'operating'}, {'start_time': '06:22:20', 'end_time': '07:44:40', 'offset_from_start': 0, 'status': 'operating'}, {'start_time': '07:44:40', 'end_time': '09:00:00', 'offset_from_start': 0, 'status': 'operating'}, {'start_time': '00:00:00', 'end_time': '15:00:00', 'offset_from_start': 0, 'status': 'idling'}, {'start_time': '15:00:00', 'end_time': '15:22:20', 'offset_from_start': 3600, 'status': 'operating'}, {'start_time': '15:22:20', 'end_time': '16:44:40', 'offset_from_start': 0, 'status': 'operating'}, {'start_time': '16:44:40', 'end_time': '18:07:00', 'offset_from_start': 0, 'status': 'operating'}, {'start_time': '18:07:00', 'end_time': '19:29:20', 'offset_from_start': 0, 'status': 'operating'}, {'start_time': '19:29:20', 'end_time': '20:51:40', 'offset_from_start': 0, 'status': 'operating'}, {'start_time': '20:51:40', 'end_time': '21:00:00', 'offset_from_start': 0, 'status': 'operating'}]",6.558704453441295,116.7563987577768,12068.016194331984,5509.311740890671,14822.672064777324,75600.0,70002110
70002110_13,"[{'start_time': '00:00:00', 'end_time': '06:00:00', 'offset_from_start': 0, 'status': 'idling'}, {'start_time': '06:00:00', 'end_time': '06:17:20', 'offset_from_start': 3900, 'status': 'operating'}, {'start_time': '06:17:20', 'end_time': '07:39:40', 'offset_from_start': 0, 'status': 'operating'}, {'start_time': '07:39:40', 'end_time': '09:00:00', 'offset_from_start': 0, 'status': 'operating'}, {'start_time': '00:00:00', 'end_time': '15:00:00', 'offset_from_start': 0, 'status': 'idling'}, {'start_time': '15:00:00', 'end_time': '15:17:20', 'offset_from_start': 3900, 'status': 'operating'}, {'start_time': '15:17:20', 'end_time': '16:39:40', 'offset_from_start': 0, 'status': 'operating'}, {'start_time': '16:39:40', 'end_time': '18:02:00', 'offset_from_start': 0, 'status': 'operating'}, {'start_time': '18:02:00', 'end_time': '19:24:20', 'offset_from_start': 0, 'status': 'operating'}, {'start_time': '19:24:20', 'end_time': '20:46:40', 'offset_from_start': 0, 'status': 'operating'}, {'start_time': '20:46:40', 'end_time': '21:00:00', 'offset_from_start': 0, 'status': 'operating'}]",6.558704453441295,116.7563987577768,12068.016194331984,5509.311740890691,14822.672064777324,75600.0,70002110
70002110_14,"[{'start_time': '00:00:00', 'end_time': '06:00:00', 'offset_from_start': 0, 'status': 'idling'}, {'start_time': '06:00:00', 'end_time': '06:12:20', 'offset_from_start': 4200, 'status': 'operating'}, {'start_time': '06:12:20', 'end_time': '07:34:40', 'offset_from_start': 0, 'status': 'operating'}, {'start_time': '07:34:40', 'end_time': '08:57:00', 'offset_from_start': 0, 'status': 'operating'}, {'start_time': '08:57:00', 'end_time': '09:00:00', 'offset_from_start': 0, 'status': 'operating'}, {'start_time': '00:00:00', 'end_time': '15:00:00', 'offset_from_start': 0, 'status': 'idling'}, {'start_time': '15:00:00', 'end_time': '15:12:20', 'offset_from_start': 4200, 'status': 'operating'}, {'start_time': '15:12:20', 'end_time': '16:34:40', 'offset_from_start': 0, 'status': 'operating'}, {'start_time': '16:34:40', 'end_time': '17:57:00', 'offset_from_start': 0, 'status': 'operating'}, {'start_time': '17:57:00', 'end_time': '19:19:20', 'offset_from_start': 0, 'status': 'operating'}, {'start_time': '19:19:20', 'end_time': '20:41:40', 'offset_from_start': 0, 'status': 'operating'}, {'start_time': '20:41:40', 'end_time': '21:00:00', 'offset_from_start': 0, 'status': 'operating'}]",6.558704453441296,116.75639875777681,12068.016194331984,5509.311740890685,14822.672064777329,75600.0,70002110
70002110_15,"[{'start_time': '00:00:00', 'end_time': '06:00:00', 'offset_from_start': 0, 'status': 'idling'}, {'start_time': '06:00:00', 'end_time': '06:07:20', 'offset_from_start': 4500, 'status': 'operating'}, {'start_time': '06:07:20', 'end_time': '07:29:40', 'offset_from_start': 0, 'status': 'operating'}, {'start_time': '07:29:40', 'end_time': '08:52:00', 'offset_from_start': 0, 'status': 'operating'}, {'start_time': '08:52:00', 'end_time': '09:00:00', 'offset_from_start': 0, 'status': 'operating'}, {'start_time': '00:00:00', 'end_time': '15:00:00', 'offset_from_start': 0, 'status': 'idling'}, {'start_time': '15:00:00', 'end_time': '15:07:20', 'offset_from_start': 4500, 'status': 'operating'}, {'start_time': '15:07:20', 'end_time': '16:29:40', 'offset_from_start': 0, 'status': 'operating'}, {'start_time': '16:29:40', 'end_time': '17:52:00', 'offset_from_start': 0, 'status': 'operating'}, {'start_time': '17:52:00', 'end_time': '19:14:20', 'offset_from_start': 0, 'status': 'operating'}, {'start_time': '19:14:20', 'end_time': '20:36:40', 'offset_from_start': 0, 'status': 'operating'}, {'start_time': '20:36:40', 'end_time': '21:00:00', 'offset_from_start': 0, 'status': 'operating'}]",6.558704453441295,116.75639875777681,12068.016194331984,5509.3117408906965,14822.672064777322,75600.0,70002110
